keyword,tags
401(k),401k
401k,401k
analyst,"analyst, expert"
asset allocation,"asset allocation, portfolio, diversification"
bank,"banking, banks"
bank failure,"bank failure, banking crisis"
banking,"banking, banks"
banking crisis,"banking crisis, banks"
bars,bars
biden,"joe biden, politics"
bond,"bonds, treasury"
brics,"brics, global economy"
bullion,bullion
china,"china, geopolitical"
coin,coins
conflict,"conflict, geopolitical"
correction,correction
crash,"economic crisis, recession, economy"
currency,"currency, dollar"
de-dollarization,"de-dollarization, dollar"
debt,debt
debt ceiling,"debt ceiling, debt, economy"
deficit,"deficit, debt, economy"
deflation,"deflation, economy"
depression,"depression, recession, economy"
devaluation,"devaluation, currency, dollar"
diversification,"diversification, investment strategy"
dollar,"dollar, currency"
donald trump,"donald trump, politics"
dow,"dow jones, stock market"
dow jones,"dow jones, stock market"
economic crisis,"economic crisis, recession, economy, crash"
economic downturn,"economic downturn, recession, economy"
economic growth,"economic growth, economy, gdp"
economist,"economist, expert opinion, analyst"
economy,economy
election,"election, politics"
equities,"equities, stock market"
expert,"expert opinion, analyst"
fdic,"fdic, banks"
fed,"federal reserve, interest rates, FED"
federal reserve,"federal reserve, interest rates, FED"
fomc,"fomc, federal reserve, FED"
gdp,"gdp, economy"
geopolitical,"geopolitical, global economy"
gold,"gold, precious metals"
harris,"kamala harris, politics"
hedge,"hedge, investment strategy, diversification"
hyperinflation,"hyperinflation, inflation, economy"
inflation,"inflation, dollar value"
interest rates,"interest rates, federal reserve"
ira,ira
jerome powell,"jerome powell, federal reserve"
joe biden,"joe biden, politics"
kamala harris,"kamala harris, politics"
market crash,"market crash, stock market"
market volatility,"market volatility, stock market"
middle east,"middle east, geopolitical"
monetary policy,"monetary policy, federal reserve"
money printing,"money printing, inflation, federal reserve"
nasdaq,"nasdaq, stock market"
national debt,"national debt, debt, economy"
palladium,"palladium, precious metals"
pension,"pension, retirement"
petrodollar,"petrodollar, dollar"
platinum,"platinum, precious metals"
portfolio,"portfolio, investment strategy"
powell,"jerome powell, federal reserve"
precious metals,"precious metals, gold, silver"
president biden,"joe biden, politics"
president trump,"donald trump, politics"
purchasing power,"purchasing power, inflation"
rate cut,"rate cut, federal reserve, interest rates"
rate hike,"rate hike, federal reserve, interest rates"
recession,"recession, economy"
reserve currency,"reserve currency, dollar"
retirement,"retirement, ira, 401k"
retirement account,"retirement account, retirement, ira"
retirement savings,"retirement savings, retirement, ira"
risk,"risk, investment strategy"
roth ira,"roth ira, ira, retirement"
russia,"russia, geopolitical"
s&p,"s&p 500, stock market"
s&p 500,"s&p 500, stock market"
safe haven,"safe haven, precious metals, investment strategy"
self-directed ira,"self-directed ira, ira, retirement"
shortage,"shortage, supply chain, economy"
silicon valley bank,"bank failure, banking crisis"
silver,"silver, precious metals"
stock market,"stock market, stocks"
stocks,"stock market, stocks"
store of value,"store of value, precious metals, investment strategy"
supply chain,"supply chain, economy"
svb,"bank failure, banking crisis"
taiwan,"taiwan, china, geopolitical"
tax,"tax, retirement"
tax benefit,"tax benefit, tax, retirement"
tax-deferred,"tax-deferred, tax, retirement"
tax-free,"tax-free, tax, retirement"
traditional ira,"traditional ira, ira, retirement"
treasuries,"treasury, bonds"
treasury,"treasury, bonds"
trump,"donald trump, politics"
ukraine,"ukraine, russia, geopolitical, war"
uncertainty,"uncertainty, risk, economy"
volatility,"volatility, market volatility"
war,"war, geopolitical"
white house,politics